ID,Categoría,Nombre,Costo,Proveedor,Unidad,Control de Stock,Stock,Merma
28,ACEITE,NATURA,3000,,L,No,,
27,ACEITE,OLIVA,10000,,L,No,,
17,Carnes,Bondiola,8000,,kg,No,,
16,Carnes,Lomito,12000,,kg,No,,
57,Carnes,Medallón extra Carne,400,,unid.,No,,
48,Carnes,MILANESAS,2737,,unid.,No,17,
14,Carnes,Molida,6000,,kg,No,,
55,Carnes,NALGA,11000,,kg,No,,
39,Carnes,paleta,4500,,kg,No,,
15,Carnes,P/ Milanesa,9000,,kg,No,,
38,Carnes,POLLO,7000,,kg,No,,
41,Carnes,Vacio,9500,,kg,No,,
5,Embutidos,bacon,19000,Proveedor Ejemplo,kg,Si,,
6,Embutidos,Calabresa,15000,,kg,No,,
24,Embutidos,JAMON COCIDO,7086.96,,kg,No,23,
4,Embutidos,jamon crudo,16000,,kg,No,,
40,enlatados,Alcaparras,2000,,kg,No,,
37,enlatados,CHOCLO,2400,,kg,No,,
13,enlatados,palmito,1000,,kg,No,,
29,enlatados,PEPINOS,5000,,kg,No,,
20,Frutos secos,Nuez,24000,,kg,No,,
30,lacteos,CREMA,800,,L,No,,
21,lacteos,leche en polvo,10000,,kg,No,,
49,lacteos,Mantecaa,9000,,kg,No,,
50,Panes,HARINA 000,540,,kg,No,,
51,Panes,HARINA 0000,837,,kg,No,,
1,Panes,Masa Pizza,490,,kg,Si,114960.4,
18,Panes,Pan Burguer,227,,unid.,No,,
19,Panes,Pan Ciabata,740,,kg,No,,
56,Panes,PAN RALLADO,2800,,kg,No,,
36,Panes,TAPAS EMP,125,CEPAS SRL,unid.,Si,474495,
22,Quesos,CHEDAR,12000,,kg,No,,
45,Quesos,chedar liquido,8500,,kg,No,,
47,Quesos,Cremoso,4300,,kg,No,,
2,Quesos,Muzzarella,6500,DINO,kg,Si,62377.43,
12,Quesos,roquefort,15000,,kg,No,,
46,Quesos,Tybo,9000,,kg,No,,
26,salsas,CRIOLLA,1860,,kg,No,,
31,salsas,MAYONESA,800,,L,No,,
23,salsas,SALSA MADERO,500,,L,No,,
3,salsas,Salsa Tomate,3060,,kg,Si,19751.6,
32,salsas,TARTARA,2500,,kg,Si,,
53,Varios,AGUA,100,,L,No,,
54,Varios,AZUCAR,1500,,kg,No,,
42,Varios,Harina,450,,kg,No,,
33,Varios,HUEVO,180,,unid.,No,,
43,Varios,Levadura,4000,,kg,No,,
44,Varios,Manteca,5600,,kg,No,,
52,Varios,SAL,850,,kg,No,,
11,verduras,aceitunas,9000,,kg,No,,
10,verduras,ajo,6000,,kg,No,,
7,verduras,cebolla,1200,,kg,No,,
34,verduras,LECHUGA,100,,kg,No,,
25,verduras,MORRON,4000,,kg,No,,
35,verduras,PAPAS,700,,kg,No,,
8,verduras,rucula,500,,unid.,No,,
9,verduras,tomate,3000,,kg,No,,
